{
    "aspect_ratio": 1.7699115044247788,
    "camera_matrix": [
        [
            20870.2343261594,
            0.0,
            799.4716877771021
        ],
        [
            0.0,
            20966.11071161727,
            452.15228742450336
        ],
        [
            0.0,
            0.0,
            1.0
        ]
    ],
    "distortion_coefficients": [
        [
            4.767177288453392,
            0.016944982578597136,
            0.009067230348369367,
            0.03617489894832692,
            8.084050600445835e-06
        ]
    ],
    "error": 0.04563334603710047,
    "image_height": 904,
    "image_width": 1600
}