{
    "aspect_ratio": 1.7699115044247788,
    "camera_matrix": [
        [
            20870.239145542593,
            0.0,
            799.4716877907426
        ],
        [
            0.0,
            20966.115549757764,
            452.1522876252469
        ],
        [
            0.0,
            0.0,
            1.0
        ]
    ],
    "distortion_coefficients": [
        [
            0.767179560209508,
            0.01694498003898528,
            0.00906722739167432,
            0.03617490209423787,
            8.084045773127448e-06
        ]
    ],
    "error": 0.04563334603710047,
    "image_height": 904,
    "image_width": 1600
}